,astA_AB_MRM1
0,42.56000137
1,42.54000473
2,42.56000137
3,42.58000183
4,45.1400032
5,42.56000137
6,42.56000137
7,42.56000137
8,42.90000153
9,43.08000183
10,43.40000153
11,43.70000458
12,43.94000244
13,44.18000412
14,44.4600029
15,44.78000259
16,44.94000244
17,44.78000259
18,44.74000168
19,44.68000412
20,44.68000412
21,44.74000168
22,44.76000214
23,44.58000183
24,44.38000488
25,44.32000351
26,44.32000351
27,44.38000488
28,44.48000336
29,44.4600029
30,44.50000381
31,44.56000137
32,44.66000366
33,44.80000305
34,44.9600029
35,44.98000336
36,45.08000183
37,45.04000473
38,45.12000275
39,45.1400032
40,45.22000504
41,45.18000412
42,45.06000137
43,44.90000153
44,44.86000443
45,44.86000443
46,44.92000198
47,44.94000244
48,44.92000198
49,44.98000336
50,45.26000214
51,45.30000305
52,45.30000305
53,45.24000168
54,45.10000229
55,44.9600029
56,45.1400032
57,45.22000504
58,45.28000259
59,45.36000443
60,45.48000336
61,45.72000504
62,45.68000412
63,45.70000458
64,45.78000259
65,45.68000412
66,45.58000183
67,45.52000427
68,45.30000305
69,45.36000443
70,45.16000366
71,45.28000259
72,45.38000488
73,45.28000259
74,45.1400032
75,45.34000397
76,45.30000305
77,45.34000397
78,45.50000381
79,45.40000153
80,45.28000259
81,45.12000275
82,45.20000458
83,45.18000412
84,44.9600029
85,44.94000244
86,45.08000183
87,44.86000443
88,45.04000473
89,44.90000153
90,44.88000488
91,44.82000351
92,44.94000244
93,44.98000336
94,45.1400032
95,44.98000336
96,45.22000504
97,45.26000214
98,45.48000336
99,45.52000427
100,45.40000153
101,45.24000168
102,45.1400032
103,44.92000198
104,44.90000153
105,44.68000412
106,44.60000229
107,44.52000427
108,44.44000244
109,44.50000381
110,44.42000198
111,44.32000351
112,44.22000504
113,44.1400032
114,44.18000412
115,44.34000397
116,44.52000427
117,44.76000214
118,44.82000351
119,45.08000183
120,45.22000504
121,45.4600029
122,45.40000153
123,45.26000214
124,45.24000168
125,45.06000137
126,44.90000153
127,44.78000259
128,44.72000504
129,44.6400032
130,44.48000336
131,44.62000275
132,44.66000366
133,44.62000275
134,44.78000259
135,44.82000351
136,44.94000244
137,44.88000488
138,44.92000198
139,44.98000336
140,44.80000305
141,44.80000305
142,44.92000198
143,44.94000244
144,44.92000198
145,44.90000153
146,44.90000153
147,44.76000214
148,44.60000229
149,44.66000366
150,44.56000137
151,44.44000244
152,44.30000305
153,44.34000397
154,44.24000168
155,44.20000458
156,44.16000366
157,43.98000336
158,44.00000381
159,44.02000427
160,44.16000366
161,44.18000412
162,44.26000214
163,44.38000488
164,44.38000488
165,44.50000381
166,44.50000381
167,44.32000351
168,44.1400032
169,43.9600029
170,44.00000381
171,44.1400032
172,44.12000275
173,44.1400032
174,44.06000137
175,44.00000381
176,44.10000229
177,44.18000412
178,44.1400032
179,44.22000504
180,44.04000473
181,44.12000275
182,44.24000168
183,44.34000397
184,44.48000336
185,44.4600029
186,44.50000381
187,44.42000198
188,44.34000397
189,44.28000259
190,44.28000259
191,44.20000458
192,44.22000504
193,44.20000458
194,44.18000412
195,44.18000412
196,44.32000351
197,44.32000351
198,44.40000153
199,44.34000397
200,44.32000351
201,44.24000168
202,44.36000443
203,44.38000488
204,44.34000397
205,44.26000214
206,44.28000259
207,44.20000458
208,44.16000366
209,44.26000214
210,44.28000259
211,44.28000259
212,44.24000168
213,44.28000259
214,44.24000168
215,44.1400032
216,44.16000366
217,44.10000229
218,43.88000488
219,43.92000198
220,43.86000443
221,43.86000443
222,43.88000488
223,43.92000198
224,44.06000137
225,44.08000183
226,44.08000183
227,44.1400032
228,44.04000473
229,43.9600029
230,44.06000137
231,44.08000183
232,44.02000427
233,43.9600029
234,43.9600029
235,43.9600029
236,43.92000198
237,43.90000153
238,43.98000336
239,43.90000153
240,43.92000198
241,43.98000336
242,44.00000381
243,44.06000137
244,44.16000366
245,44.32000351
246,44.34000397
247,44.18000412
248,44.12000275
249,44.10000229
250,44.10000229
251,44.06000137
252,43.98000336
253,43.86000443
254,43.74000168
255,43.70000458
256,43.78000259
257,43.86000443
258,43.80000305
259,43.76000214
260,43.84000397
261,43.98000336
262,44.06000137
263,44.08000183
264,44.10000229
265,44.08000183
266,44.06000137
267,44.12000275
268,44.06000137
269,44.10000229
270,44.10000229
271,44.12000275
272,44.22000504
273,44.30000305
274,44.30000305
275,44.32000351
276,44.26000214
277,44.34000397
278,44.22000504
279,44.20000458
280,44.34000397
281,44.18000412
282,44.18000412
283,44.24000168
284,44.12000275
285,44.22000504
286,44.12000275
287,44.08000183
288,44.02000427
289,43.84000397
290,43.80000305
291,43.70000458
292,43.50000381
293,43.52000427
294,43.44000244
295,43.4600029
296,43.56000137
297,43.52000427
298,43.48000336
299,43.4600029
300,43.48000336
301,43.50000381
302,43.58000183
303,43.68000412
304,43.70000458
305,43.74000168
306,43.9600029
307,44.20000458
308,44.20000458
309,44.12000275
310,44.08000183
311,43.9600029
312,43.80000305
313,43.76000214
314,43.70000458
315,43.56000137
316,43.40000153
317,43.54000473
318,43.62000275
319,43.60000229
320,43.54000473
321,43.50000381
322,43.44000244
323,43.38000488
324,43.30000305
325,43.32000351
326,43.22000122
327,43.16000366
328,43.16000366
329,43.1400032
330,43.24000168
331,43.32000351
332,43.28000259
333,43.42000198
334,43.48000336
335,43.50000381
336,43.58000183
337,43.6400032
338,43.68000412
339,43.56000137
340,43.54000473
341,43.60000229
342,43.48000336
343,43.4600029
344,43.52000427
345,43.50000381
346,43.52000427
347,43.54000473
348,43.6400032
349,43.60000229
350,43.60000229
351,43.68000412
352,43.74000168
353,43.72000122
354,43.74000168
355,43.68000412
356,43.60000229
357,43.54000473
358,43.54000473
359,43.52000427
360,43.50000381
361,43.50000381
362,43.52000427
363,43.70000458
364,43.84000397
365,43.94000244
366,44.00000381
367,44.00000381
368,44.04000473
369,44.00000381
370,43.94000244
371,43.94000244
372,43.76000214
373,43.68000412
374,43.62000275
375,43.6400032
376,43.72000122
377,43.76000214
378,43.78000259
379,43.82000351
380,43.92000198
381,44.06000137
382,44.10000229
383,44.1400032
384,44.18000412
385,44.08000183
386,44.04000473
387,44.08000183
388,44.02000427
389,43.88000488
390,43.90000153
391,43.92000198
392,43.86000443
393,43.80000305
394,43.76000214
395,43.78000259
396,43.78000259
397,43.86000443
398,43.86000443
399,43.84000397
400,43.98000336
401,44.02000427
402,44.08000183
403,44.20000458
404,44.16000366
405,44.18000412
406,44.20000458
407,44.28000259
408,44.22000504
409,44.12000275
410,44.12000275
411,44.06000137
412,43.92000198
413,43.88000488
414,43.80000305
415,43.66000366
416,43.52000427
417,43.52000427
418,43.56000137
419,43.62000275
420,43.60000229
421,43.68000412
422,43.72000122
423,43.76000214
424,43.74000168
425,43.82000351
426,43.80000305
427,43.82000351
428,43.9600029
429,44.10000229
430,44.22000504
431,44.30000305
432,44.56000137
433,44.66000366
434,44.68000412
435,44.70000458
436,44.58000183
437,44.44000244
438,44.32000351
439,44.36000443
440,44.4600029
441,44.30000305
442,44.48000336
443,44.42000198
444,44.42000198
445,44.62000275
446,44.70000458
447,44.66000366
448,44.48000336
449,44.50000381
450,44.48000336
451,44.36000443
452,44.38000488
453,44.28000259
454,44.02000427
455,44.00000381
456,44.16000366
457,44.26000214
458,44.16000366
459,44.28000259
460,44.34000397
461,44.42000198
462,44.66000366
463,44.70000458
464,44.56000137
465,44.36000443
466,44.32000351
467,44.24000168
468,44.1400032
469,44.04000473
470,43.82000351
471,43.68000412
472,43.72000122
473,43.76000214
474,43.82000351
475,43.82000351
476,43.86000443
477,43.90000153
478,43.92000198
479,43.94000244
480,43.90000153
481,43.84000397
482,43.80000305
483,43.78000259
484,43.76000214
485,43.94000244
486,44.00000381
487,44.16000366
488,44.30000305
489,44.32000351
490,44.44000244
491,44.4600029
492,44.60000229
493,44.56000137
494,44.42000198
495,44.44000244
496,44.42000198
497,44.36000443
498,44.34000397
499,44.36000443
500,44.28000259
501,44.26000214
502,44.4600029
503,44.48000336
504,44.40000153
505,44.34000397
506,44.26000214
507,44.20000458
508,44.04000473
509,44.00000381
510,43.90000153
511,43.68000412
512,43.70000458
513,43.70000458
514,43.74000168
515,43.68000412
516,43.84000397
517,44.00000381
518,44.00000381
519,43.94000244
520,44.08000183
521,44.06000137
522,44.18000412
523,44.16000366
524,44.20000458
525,44.04000473
526,44.04000473
527,44.26000214
528,44.30000305
529,44.32000351
530,44.28000259
531,44.20000458
532,44.30000305
533,44.32000351
534,44.24000168
535,44.06000137
536,43.9600029
537,44.08000183
538,44.06000137
539,44.16000366
540,44.16000366
541,44.04000473
542,43.94000244
543,44.02000427
544,44.02000427
545,43.92000198
546,43.76000214
547,43.72000122
548,43.78000259
549,43.78000259
550,43.80000305
551,43.9600029
552,43.94000244
553,44.06000137
554,44.1400032
555,44.26000214
556,44.24000168
557,44.18000412
558,44.08000183
559,44.08000183
560,43.88000488
561,43.84000397
562,43.74000168
563,43.66000366
564,43.6400032
565,43.6400032
566,43.80000305
567,43.84000397
568,43.78000259
569,43.84000397
570,43.88000488
571,43.74000168
572,43.66000366
573,43.6400032
574,43.52000427
575,43.36000443
576,43.40000153
577,43.48000336
578,43.42000198
579,43.38000488
580,43.54000473
581,43.60000229
582,43.62000275
583,43.74000168
584,43.78000259
585,43.72000122
586,43.72000122
587,43.80000305
588,43.78000259
589,43.68000412
590,43.66000366
591,43.56000137
592,43.48000336
593,43.42000198
594,43.4600029
595,43.42000198
596,43.34000397
597,43.32000351
598,43.34000397
599,43.52000427
600,43.58000183
601,43.6400032
602,43.60000229
603,43.68000412
604,43.68000412
605,43.82000351
606,43.90000153
607,43.92000198
608,43.74000168
609,43.74000168
610,43.74000168
611,43.80000305
612,43.72000122
613,43.70000458
614,43.60000229
615,43.58000183
616,43.60000229
617,43.70000458
618,43.80000305
619,43.88000488
620,43.92000198
621,43.9600029
622,43.92000198
623,43.82000351
624,43.80000305
625,43.76000214
626,43.74000168
627,43.60000229
628,43.48000336
629,43.4600029
630,43.34000397
631,43.30000305
632,43.30000305
633,43.20000458
634,43.10000229
635,43.02000427
636,43.12000275
637,43.1400032
638,43.16000366
639,43.34000397
640,43.36000443
641,43.38000488
642,43.40000153
643,43.44000244
644,43.50000381
645,43.50000381
646,43.4600029
647,43.42000198
648,43.36000443
649,43.40000153
650,43.34000397
651,43.34000397
652,43.38000488
653,43.28000259
654,43.30000305
655,43.42000198
656,43.50000381
657,43.50000381
658,43.4600029
659,43.4600029
660,43.32000351
661,43.20000458
662,43.20000458
663,43.12000275
664,43.00000381
665,43.00000381
666,43.04000473
667,43.12000275
668,43.16000366
669,43.20000458
670,43.20000458
671,43.22000122
672,43.22000122
673,43.28000259
674,43.24000168
675,43.28000259
676,43.32000351
677,43.38000488
678,43.40000153
679,43.50000381
680,43.48000336
681,43.52000427
682,43.62000275
683,43.62000275
684,43.52000427
685,43.44000244
686,43.38000488
687,43.44000244
688,43.36000443
689,43.40000153
690,43.38000488
691,43.24000168
692,43.40000153
693,43.48000336
694,43.52000427
695,43.58000183
696,43.54000473
697,43.56000137
698,43.48000336
699,43.44000244
700,43.48000336
701,43.36000443
702,43.34000397
703,43.40000153
704,43.40000153
705,43.50000381
706,43.60000229
707,43.68000412
708,43.80000305
709,43.90000153
710,43.92000198
711,43.90000153
712,43.88000488
713,43.86000443
714,43.82000351
715,43.84000397
716,43.84000397
717,43.78000259
718,43.72000122
719,43.86000443
720,43.94000244
721,43.92000198
722,43.92000198
723,43.78000259
724,43.90000153
725,43.94000244
726,43.94000244
727,43.9600029
728,43.80000305
729,43.78000259
730,43.74000168
731,43.74000168
732,43.76000214
733,43.60000229
734,43.56000137
735,43.50000381
736,43.48000336
737,43.4600029
738,43.44000244
739,43.44000244
740,43.48000336
741,43.42000198
742,43.4600029
743,43.4600029
744,43.48000336
745,43.50000381
746,43.54000473
747,43.58000183
748,43.74000168
749,43.76000214
750,44.02000427
751,44.12000275
752,44.26000214
753,44.42000198
754,44.40000153
755,44.30000305
756,44.32000351
757,44.32000351
758,44.30000305
759,44.16000366
760,44.12000275
761,44.04000473
762,44.00000381
763,44.02000427
764,43.9600029
765,43.86000443
766,43.82000351
767,43.84000397
768,43.82000351
769,43.74000168
770,43.6400032
771,43.54000473
772,43.48000336
773,43.48000336
774,43.38000488
775,43.26000214
776,43.22000122
777,43.26000214
778,43.40000153
779,43.54000473
780,43.54000473
781,43.52000427
782,43.60000229
783,43.62000275
784,43.60000229
785,43.62000275
786,43.6400032
787,43.62000275
788,43.6400032
789,43.72000122
790,43.70000458
791,43.70000458
792,43.80000305
793,43.86000443
794,43.86000443
795,43.78000259
796,43.76000214
797,43.68000412
798,43.62000275
799,43.62000275
800,43.60000229
801,43.50000381
802,43.60000229
803,43.6400032
804,43.70000458
805,43.60000229
806,43.66000366
807,43.74000168
808,43.76000214
809,43.74000168
810,43.68000412
811,43.56000137
812,43.62000275
813,43.68000412
814,43.72000122
815,43.68000412
816,43.62000275
817,43.56000137
818,43.50000381
819,43.52000427
820,43.48000336
821,43.42000198
822,43.36000443
823,43.30000305
824,43.38000488
825,43.36000443
826,43.36000443
827,43.38000488
828,43.36000443
829,43.38000488
830,43.38000488
831,43.42000198
832,43.4600029
833,43.36000443
834,43.36000443
835,43.38000488
836,43.40000153
837,43.42000198
838,43.30000305
839,43.26000214
840,43.20000458
841,43.22000122
842,43.24000168
843,43.28000259
844,43.44000244
845,43.42000198
846,43.52000427
847,43.58000183
848,43.62000275
849,43.70000458
850,43.66000366
851,43.72000122
852,43.72000122
853,43.58000183
854,43.6400032
855,43.62000275
856,43.70000458
857,43.68000412
858,43.60000229
859,43.54000473
860,43.44000244
861,43.36000443
862,43.34000397
863,43.24000168
864,43.22000122
865,43.20000458
866,43.38000488
867,43.44000244
868,43.4600029
869,43.52000427
870,43.6400032
871,43.70000458
872,43.66000366
873,43.72000122
874,43.62000275
875,43.52000427
876,43.4600029
877,43.40000153
878,43.36000443
879,43.24000168
880,43.18000412
881,43.20000458
882,43.16000366
883,43.1400032
884,43.1400032
885,43.16000366
886,43.16000366
887,43.08000183
888,43.08000183
889,43.02000427
890,42.9600029
891,42.90000153
892,42.92000198
893,42.90000153
894,42.88000488
895,42.90000153
896,42.90000153
897,42.94000244
898,42.98000336
899,42.98000336
900,42.9600029
901,43.08000183
902,43.12000275
903,43.1400032
904,43.1400032
905,43.1400032
906,43.06000137
907,43.04000473
908,43.08000183
909,43.06000137
910,42.94000244
911,42.88000488
912,42.88000488
913,42.92000198
914,42.90000153
915,42.88000488
916,42.86000443
917,42.80000305
918,42.80000305
919,42.76000214
920,42.78000259
921,42.78000259
922,42.80000305
923,42.82000351
924,42.82000351
925,42.86000443
926,42.88000488
927,42.88000488
928,42.92000198
929,42.90000153
930,42.92000198
931,42.90000153
932,42.90000153
933,42.92000198
934,42.88000488
935,42.86000443
936,42.86000443
937,42.82000351
938,42.80000305
939,42.78000259
940,42.72000122
941,42.76000214
942,42.74000168
943,42.82000351
944,42.84000397
945,42.88000488
946,42.90000153
947,42.90000153
948,42.90000153
949,42.90000153
950,42.84000397
951,42.84000397
952,42.80000305
953,42.80000305
954,42.76000214
955,42.80000305
956,42.84000397
957,42.86000443
958,42.84000397
959,42.84000397
960,42.86000443
961,42.86000443
962,42.86000443
963,42.86000443
964,42.82000351
965,42.80000305
966,42.80000305
967,42.80000305
968,42.80000305
969,42.76000214
970,42.84000397
971,42.86000443
972,42.88000488
973,42.88000488
974,42.86000443
975,42.86000443
976,42.84000397
977,42.90000153
978,43.02000427
979,42.94000244
980,42.9600029
981,42.98000336
982,42.98000336
983,42.9600029
984,42.94000244
985,42.90000153
986,42.84000397
987,42.72000122
988,42.72000122
989,42.72000122
990,42.72000122
991,42.76000214
992,42.76000214
993,42.76000214
994,42.76000214
995,42.74000168
996,42.74000168
997,42.72000122
998,42.72000122
999,42.70000458
1000,42.66000366
1001,42.66000366
1002,42.66000366
1003,42.66000366
1004,42.66000366
1005,42.6400032
1006,42.6400032
1007,42.6400032
1008,42.6400032
1009,42.6400032
1010,42.6400032
1011,42.66000366
1012,42.66000366
1013,42.70000458
1014,42.70000458
1015,42.70000458
1016,42.70000458
1017,42.70000458
1018,42.70000458
1019,42.70000458
1020,42.66000366
1021,42.66000366
1022,42.6400032
1023,42.6400032
1024,42.66000366
1025,42.66000366
1026,42.70000458
1027,42.72000122
1028,42.72000122
1029,42.74000168
1030,42.74000168
1031,42.74000168
1032,42.74000168
1033,42.74000168
1034,42.74000168
1035,42.70000458
1036,42.74000168
1037,42.74000168
1038,42.72000122
1039,42.74000168
1040,42.74000168
1041,42.72000122
1042,42.72000122
1043,42.72000122
1044,42.72000122
1045,42.70000458
1046,42.70000458
1047,42.72000122
1048,42.72000122
1049,42.72000122
1050,42.72000122
1051,42.70000458
1052,42.70000458
1053,42.76000214
1054,42.76000214
1055,42.78000259
1056,42.84000397
1057,42.84000397
1058,42.86000443
1059,42.92000198
1060,42.94000244
1061,42.94000244
1062,42.92000198
1063,42.92000198
1064,42.92000198
1065,42.84000397
1066,42.84000397
1067,42.80000305
1068,42.74000168
1069,42.72000122
1070,42.70000458
1071,42.68000412
1072,42.72000122
1073,42.74000168
1074,42.82000351
1075,42.86000443
1076,42.88000488
1077,42.90000153
1078,42.90000153
1079,42.88000488
1080,42.86000443
1081,42.80000305
1082,42.86000443
1083,42.88000488
1084,42.90000153
1085,42.92000198
1086,42.9600029
1087,43.00000381
1088,42.98000336
1089,42.98000336
1090,42.9600029
1091,42.88000488
1092,42.82000351
1093,42.80000305
1094,42.82000351
1095,42.80000305
1096,42.76000214
1097,42.78000259
1098,42.76000214
1099,42.80000305
1100,42.86000443
1101,42.88000488
1102,42.90000153
1103,42.90000153
1104,42.92000198
1105,42.92000198
1106,42.94000244
1107,42.94000244
1108,42.92000198
1109,42.86000443
1110,42.84000397
1111,42.94000244
1112,42.92000198
1113,42.90000153
1114,42.92000198
1115,43.00000381
1116,43.00000381
1117,43.00000381
1118,43.02000427
1119,43.00000381
1120,42.92000198
1121,42.94000244
1122,42.92000198
1123,42.92000198
1124,42.86000443
1125,42.88000488
1126,42.88000488
1127,42.90000153
1128,43.04000473
1129,43.04000473
1130,43.02000427
1131,43.06000137
1132,43.00000381
1133,42.98000336
1134,42.94000244
1135,42.98000336
1136,43.00000381
1137,42.88000488
1138,42.88000488
1139,42.90000153
1140,43.04000473
1141,43.10000229
1142,43.16000366
1143,43.18000412
1144,43.18000412
1145,43.18000412
1146,43.20000458
1147,43.22000122
1148,43.24000168
1149,43.10000229
1150,43.06000137
1151,43.06000137
1152,43.06000137
1153,43.08000183
1154,43.02000427
1155,43.08000183
1156,43.08000183
1157,43.04000473
1158,43.10000229
1159,43.20000458
1160,43.26000214
1161,43.26000214
1162,43.26000214
1163,43.26000214
1164,43.18000412
1165,43.22000122
1166,43.26000214
1167,43.22000122
1168,43.26000214
1169,43.24000168
1170,43.32000351
1171,43.36000443
1172,43.40000153
1173,43.38000488
1174,43.40000153
1175,43.42000198
1176,43.44000244
1177,43.4600029
1178,43.58000183
1179,43.6400032
1180,43.6400032
1181,43.68000412
1182,43.70000458
1183,43.6400032
1184,43.62000275
1185,43.6400032
1186,43.56000137
1187,43.50000381
1188,43.42000198
1189,43.44000244
1190,43.42000198
1191,43.42000198
1192,43.36000443
1193,43.38000488
1194,43.34000397
1195,43.38000488
1196,43.44000244
1197,43.44000244
1198,43.48000336
1199,43.4600029
1200,43.48000336
1201,43.4600029
1202,43.38000488
1203,43.34000397
1204,43.32000351
1205,43.26000214
1206,43.26000214
1207,43.20000458
1208,43.20000458
1209,43.28000259
1210,43.30000305
1211,43.38000488
1212,43.40000153
1213,43.44000244
1214,43.54000473
1215,43.54000473
1216,43.54000473
1217,43.68000412
1218,43.54000473
1219,43.60000229
1220,43.60000229
1221,43.60000229
1222,43.52000427
1223,43.44000244
1224,43.4600029
1225,43.38000488
1226,43.28000259
1227,43.30000305
1228,43.28000259
1229,43.22000122
1230,43.24000168
1231,43.30000305
1232,43.30000305
1233,43.28000259
1234,43.34000397
1235,43.34000397
1236,43.38000488
1237,43.40000153
1238,43.48000336
1239,43.52000427
1240,43.60000229
1241,43.68000412
1242,43.74000168
1243,43.74000168
1244,43.76000214
1245,43.84000397
1246,43.90000153
1247,43.94000244
1248,44.00000381
1249,44.10000229
1250,44.06000137
1251,44.06000137
1252,44.04000473
1253,43.94000244
1254,43.84000397
1255,43.74000168
1256,43.66000366
1257,43.52000427
1258,43.42000198
1259,43.50000381
1260,43.54000473
1261,43.60000229
1262,43.68000412
1263,43.70000458
1264,43.76000214
1265,43.86000443
1266,43.9600029
1267,43.98000336
1268,43.94000244
1269,43.90000153
1270,43.98000336
1271,44.00000381
1272,44.00000381
1273,44.06000137
1274,43.98000336
1275,43.98000336
1276,44.00000381
1277,43.94000244
1278,44.00000381
1279,43.86000443
1280,43.82000351
1281,43.76000214
1282,43.62000275
1283,43.58000183
1284,43.50000381
1285,43.48000336
1286,43.50000381
1287,43.52000427
1288,43.52000427
1289,43.58000183
1290,43.68000412
1291,43.86000443
1292,44.02000427
1293,44.06000137
1294,44.00000381
1295,43.9600029
1296,43.92000198
1297,43.94000244
1298,43.88000488
1299,43.92000198
1300,43.86000443
1301,43.78000259
1302,43.86000443
1303,43.94000244
1304,43.90000153
1305,43.80000305
1306,43.80000305
1307,43.76000214
1308,43.68000412
1309,43.68000412
1310,43.74000168
1311,43.72000122
1312,43.70000458
1313,43.82000351
1314,43.84000397
1315,43.76000214
1316,43.74000168
1317,43.62000275
1318,43.54000473
1319,43.62000275
1320,43.66000366
1321,43.58000183
1322,43.52000427
1323,43.54000473
1324,43.56000137
1325,43.62000275
1326,43.70000458
1327,43.78000259
1328,43.72000122
1329,43.82000351
1330,43.92000198
1331,43.9600029
1332,43.90000153
1333,43.82000351
1334,43.72000122
1335,43.60000229
1336,43.4600029
1337,43.36000443
1338,43.22000122
1339,43.26000214
1340,43.24000168
1341,43.26000214
1342,43.30000305
1343,43.32000351
1344,43.40000153
1345,43.42000198
1346,43.48000336
1347,43.50000381
1348,43.42000198
1349,43.48000336
1350,43.44000244
1351,43.4600029
1352,43.40000153
1353,43.36000443
1354,43.32000351
1355,43.38000488
1356,43.42000198
1357,43.52000427
1358,43.52000427
1359,43.52000427
1360,43.48000336
1361,43.50000381
1362,43.50000381
1363,43.48000336
1364,43.38000488
1365,43.36000443
1366,43.34000397
1367,43.38000488
1368,43.40000153
1369,43.38000488
1370,43.32000351
1371,43.36000443
1372,43.32000351
1373,43.38000488
1374,43.38000488
1375,43.40000153
1376,43.42000198
1377,43.44000244
1378,43.58000183
1379,43.6400032
1380,43.58000183
1381,43.66000366
1382,43.70000458
1383,43.66000366
1384,43.60000229
1385,43.58000183
1386,43.6400032
1387,43.54000473
1388,43.56000137
1389,43.56000137
1390,43.44000244
1391,43.40000153
1392,43.50000381
1393,43.54000473
1394,43.60000229
1395,43.52000427
1396,43.54000473
1397,43.50000381
1398,43.50000381
1399,43.48000336
1400,43.38000488
1401,43.26000214
1402,43.22000122
1403,43.12000275
1404,43.12000275
1405,43.16000366
1406,43.18000412
1407,43.18000412
1408,43.24000168
1409,43.32000351
1410,43.28000259
1411,43.24000168
1412,43.24000168
1413,43.18000412
1414,43.18000412
1415,43.20000458
1416,43.20000458
1417,43.22000122
1418,43.20000458
1419,43.26000214
1420,43.30000305
1421,43.34000397
1422,43.38000488
1423,43.34000397
1424,43.38000488
1425,43.34000397
1426,43.28000259
1427,43.24000168
1428,43.30000305
1429,43.22000122
1430,43.24000168
1431,43.16000366
1432,43.1400032
1433,43.08000183
1434,43.10000229
1435,43.10000229
1436,43.1400032
1437,43.08000183
1438,43.16000366
1439,43.16000366
1440,43.24000168
1441,43.30000305
1442,43.40000153
1443,43.42000198
1444,43.4600029
1445,43.42000198
1446,43.44000244
1447,43.4600029
1448,43.52000427
1449,43.60000229
1450,43.6400032
1451,43.58000183
1452,43.70000458
1453,43.84000397
1454,43.88000488
1455,43.86000443
1456,43.92000198
1457,43.98000336
1458,43.88000488
1459,43.88000488
1460,43.98000336
1461,43.80000305
1462,43.68000412
1463,43.62000275
1464,43.62000275
1465,43.72000122
1466,43.72000122
1467,43.84000397
1468,43.80000305
1469,43.80000305
1470,43.88000488
1471,43.9600029
1472,43.92000198
1473,43.88000488
1474,43.66000366
1475,43.60000229
1476,43.70000458
1477,43.80000305
1478,43.72000122
1479,43.74000168
1480,43.68000412
1481,43.72000122
1482,43.76000214
1483,43.80000305
1484,43.84000397
1485,43.78000259
1486,43.88000488
1487,44.00000381
1488,44.04000473
1489,44.08000183
1490,44.06000137
1491,44.02000427
1492,44.00000381
1493,43.92000198
1494,43.92000198
1495,44.00000381
1496,44.00000381
1497,44.06000137
1498,44.08000183
1499,44.20000458
1500,44.28000259
1501,44.26000214
1502,44.44000244
1503,44.52000427
1504,44.4600029
1505,44.4600029
1506,44.60000229
1507,44.58000183
1508,44.62000275
1509,44.72000504
1510,44.78000259
1511,44.86000443
1512,44.74000168
1513,44.76000214
1514,44.76000214
1515,44.62000275
1516,44.54000473
1517,44.26000214
1518,44.10000229
1519,43.94000244
1520,43.66000366
1521,43.82000351
1522,43.82000351
1523,43.88000488
1524,43.9600029
1525,44.06000137
1526,44.20000458
1527,44.12000275
1528,44.18000412
1529,44.16000366
1530,44.00000381
1531,43.88000488
1532,43.84000397
1533,43.74000168
1534,43.70000458
1535,43.68000412
1536,43.78000259
1537,43.72000122
1538,43.80000305
1539,43.84000397
1540,43.90000153
1541,43.9600029
1542,44.1400032
1543,44.18000412
1544,44.26000214
1545,44.26000214
1546,44.42000198
1547,44.4600029
1548,44.54000473
1549,44.58000183
1550,44.60000229
1551,44.52000427
1552,44.52000427
1553,44.48000336
1554,44.44000244
1555,44.38000488
1556,44.28000259
1557,44.28000259
1558,44.28000259
1559,44.26000214
1560,44.28000259
1561,44.38000488
1562,44.48000336
1563,44.6400032
1564,44.70000458
1565,44.82000351
1566,44.80000305
1567,44.86000443
1568,44.88000488
1569,44.94000244
1570,44.88000488
1571,44.80000305
1572,44.74000168
1573,44.72000504
1574,44.76000214
1575,44.84000397
1576,44.76000214
1577,44.88000488
1578,44.78000259
1579,44.74000168
1580,44.92000198
1581,45.1400032
1582,45.1400032
1583,45.06000137
1584,45.02000427
1585,45.04000473
1586,44.98000336
1587,45.10000229
1588,45.18000412
1589,44.98000336
1590,44.82000351
1591,45.08000183
1592,45.18000412
1593,45.30000305
1594,45.34000397
1595,45.48000336
1596,45.50000381
1597,45.62000275
1598,45.74000168
1599,45.76000214
1600,45.6400032
1601,45.72000504
1602,45.6400032
1603,45.50000381
1604,45.24000168
1605,45.06000137
1606,44.9600029
1607,44.90000153
1608,44.9600029
1609,44.92000198
1610,44.9600029
1611,45.00000381
1612,45.06000137
1613,45.00000381
1614,45.02000427
1615,45.08000183
1616,45.04000473
1617,45.08000183
1618,45.04000473
1619,44.86000443
1620,44.80000305
1621,44.82000351
1622,44.82000351
1623,44.76000214
1624,44.54000473
1625,44.54000473
1626,44.60000229
1627,44.70000458
1628,44.98000336
1629,45.06000137
1630,45.12000275
1631,45.36000443
1632,45.38000488
1633,45.32000351
1634,45.26000214
1635,44.98000336
1636,44.88000488
1637,44.52000427
1638,44.50000381
1639,44.42000198
1640,44.30000305
1641,44.22000504
1642,44.34000397
1643,44.44000244
1644,44.62000275
1645,44.56000137
1646,44.60000229
1647,44.42000198
1648,44.30000305
1649,44.06000137
1650,44.00000381
1651,43.76000214
1652,43.6400032
1653,43.6400032
1654,43.70000458
1655,43.68000412
1656,43.68000412
1657,43.66000366
1658,43.70000458
1659,43.72000122
1660,43.88000488
1661,43.88000488
1662,43.78000259
1663,43.72000122
1664,43.68000412
1665,43.70000458
1666,43.76000214
1667,43.74000168
1668,43.68000412
1669,43.66000366
1670,43.68000412
1671,43.74000168
1672,43.88000488
1673,44.00000381
1674,43.98000336
1675,43.86000443
1676,43.88000488
1677,43.94000244
1678,43.84000397
1679,43.80000305
1680,43.84000397
1681,43.72000122
1682,43.66000366
1683,43.76000214
1684,43.70000458
1685,43.78000259
1686,43.78000259
1687,43.86000443
1688,43.94000244
1689,43.9600029
1690,43.98000336
1691,44.12000275
1692,44.06000137
1693,44.28000259
1694,44.22000504
1695,44.30000305
1696,44.26000214
1697,44.22000504
1698,44.20000458
1699,44.22000504
1700,44.06000137
1701,44.00000381
1702,43.84000397
1703,43.90000153
1704,44.02000427
1705,44.1400032
1706,44.28000259
1707,44.4600029
1708,44.60000229
1709,44.56000137
1710,44.62000275
1711,44.60000229
1712,44.58000183
1713,44.40000153
1714,44.38000488
1715,44.30000305
1716,44.12000275
1717,43.9600029
1718,43.94000244
1719,43.82000351
1720,43.80000305
1721,43.74000168
1722,43.72000122
1723,43.6400032
1724,43.68000412
1725,43.94000244
1726,44.12000275
1727,44.28000259
1728,44.32000351
1729,44.36000443
1730,44.34000397
1731,44.44000244
1732,44.54000473
1733,44.50000381
1734,44.28000259
1735,44.20000458
1736,44.16000366
1737,44.1400032
1738,44.20000458
1739,44.24000168
1740,44.1400032
1741,44.18000412
1742,44.16000366
1743,44.10000229
1744,44.10000229
1745,44.06000137
1746,44.10000229
1747,44.00000381
1748,43.92000198
1749,44.02000427
1750,44.02000427
1751,44.1400032
1752,44.30000305
1753,44.38000488
1754,44.42000198
1755,44.40000153
1756,44.40000153
1757,44.52000427
1758,44.48000336
1759,44.36000443
1760,44.28000259
1761,44.16000366
1762,44.06000137
1763,43.9600029
1764,44.04000473
1765,44.02000427
1766,44.02000427
1767,44.04000473
1768,44.04000473
1769,44.18000412
1770,44.18000412
1771,44.20000458
1772,44.1400032
1773,44.06000137
1774,44.10000229
1775,44.16000366
1776,44.28000259
1777,44.28000259
1778,44.12000275
1779,44.22000504
1780,44.18000412
1781,44.20000458
1782,44.10000229
1783,43.9600029
1784,43.82000351
1785,43.72000122
1786,43.72000122
1787,43.86000443
1788,43.80000305
1789,43.86000443
1790,43.84000397
1791,43.76000214
1792,43.76000214
1793,43.76000214
1794,43.76000214
1795,43.76000214
1796,43.6400032
1797,43.68000412
1798,43.60000229
1799,43.74000168
1800,43.86000443
1801,43.84000397
1802,43.80000305
1803,43.84000397
1804,43.82000351
1805,43.72000122
1806,43.78000259
1807,43.84000397
1808,43.86000443
1809,43.90000153
1810,43.94000244
1811,44.10000229
1812,44.06000137
1813,44.1400032
1814,44.20000458
1815,44.08000183
1816,44.06000137
1817,44.08000183
1818,44.00000381
1819,43.98000336
1820,43.90000153
1821,43.9600029
1822,43.90000153
1823,43.92000198
1824,43.9600029
1825,43.92000198
1826,43.78000259
1827,43.82000351
1828,43.86000443
1829,43.80000305
1830,43.76000214
1831,43.74000168
1832,43.66000366
1833,43.60000229
1834,43.58000183
1835,43.6400032
1836,43.62000275
1837,43.56000137
1838,43.6400032
1839,43.62000275
1840,43.62000275
1841,43.68000412
1842,43.66000366
1843,43.62000275
1844,43.60000229
1845,43.54000473
1846,43.54000473
1847,43.50000381
1848,43.50000381
1849,43.52000427
1850,43.44000244
1851,43.44000244
1852,43.40000153
1853,43.34000397
1854,43.30000305
1855,43.32000351
1856,43.28000259
1857,43.32000351
1858,43.32000351
1859,43.34000397
1860,43.36000443
1861,43.40000153
1862,43.36000443
1863,43.38000488
1864,43.30000305
1865,43.28000259
1866,43.16000366
1867,43.16000366
1868,43.12000275
1869,43.10000229
1870,43.10000229
1871,43.12000275
1872,43.08000183
1873,43.04000473
1874,43.02000427
1875,43.04000473
1876,43.04000473
1877,43.00000381
1878,42.94000244
1879,43.00000381
1880,43.00000381
1881,43.10000229
1882,43.24000168
1883,43.34000397
1884,43.40000153
1885,43.44000244
1886,43.48000336
1887,43.44000244
1888,43.36000443
1889,43.38000488
1890,43.34000397
1891,43.26000214
1892,43.20000458
1893,43.16000366
1894,43.16000366
1895,43.22000122
1896,43.22000122
1897,43.18000412
1898,43.08000183
1899,43.02000427
1900,42.98000336
1901,43.00000381
1902,42.9600029
1903,43.02000427
1904,42.98000336
1905,43.04000473
1906,43.04000473
1907,43.12000275
1908,43.12000275
1909,43.12000275
1910,43.08000183
1911,43.18000412
1912,43.06000137
1913,43.08000183
1914,43.06000137
1915,43.10000229
1916,43.04000473
1917,43.06000137
1918,43.12000275
1919,43.10000229
1920,42.98000336
1921,43.08000183
1922,43.06000137
1923,43.06000137
1924,43.06000137
1925,43.10000229
1926,43.04000473
1927,43.02000427
1928,43.00000381
1929,43.00000381
1930,42.92000198
1931,42.90000153
1932,42.92000198
1933,42.86000443
1934,42.84000397
1935,42.90000153
1936,42.90000153
1937,42.90000153
1938,42.92000198
1939,42.88000488
1940,42.88000488
1941,42.86000443
1942,42.84000397
1943,42.80000305
1944,42.78000259
1945,42.78000259
1946,42.82000351
1947,42.86000443
1948,42.92000198
1949,42.9600029
1950,43.06000137
1951,43.08000183
1952,43.08000183
1953,43.04000473
1954,43.04000473
1955,42.98000336
1956,42.94000244
1957,42.86000443
1958,42.86000443
1959,42.78000259
1960,42.78000259
1961,42.78000259
1962,42.78000259
1963,42.74000168
1964,42.74000168
1965,42.74000168
1966,42.74000168
1967,42.70000458
1968,42.70000458
1969,42.72000122
1970,42.72000122
1971,42.74000168
1972,42.74000168
1973,42.76000214
1974,42.78000259
1975,42.80000305
1976,42.80000305
1977,42.84000397
1978,42.82000351
1979,42.82000351
1980,42.82000351
1981,42.80000305
1982,42.86000443
1983,42.84000397
1984,42.82000351
1985,42.84000397
1986,42.82000351
1987,42.82000351
1988,42.80000305
1989,42.80000305
1990,42.78000259
1991,42.74000168
1992,42.78000259
1993,42.78000259
1994,42.78000259
1995,42.78000259
1996,42.78000259
1997,42.84000397
1998,42.88000488
1999,42.90000153
2000,42.90000153
2001,42.88000488
2002,42.88000488
2003,42.86000443
2004,42.84000397
2005,42.82000351
2006,42.74000168
2007,42.72000122
2008,42.72000122
2009,42.72000122
2010,42.72000122
2011,42.78000259
2012,42.80000305
2013,42.82000351
2014,42.82000351
2015,42.86000443
2016,42.86000443
2017,42.86000443
2018,42.86000443
2019,42.84000397
2020,42.80000305
2021,42.80000305
2022,42.80000305
2023,42.80000305
2024,42.80000305
2025,42.78000259
2026,42.76000214
2027,42.76000214
2028,42.74000168
2029,42.78000259
2030,42.78000259
2031,42.78000259
2032,42.78000259
2033,42.76000214
2034,42.76000214
2035,42.76000214
2036,42.76000214
2037,42.74000168
2038,42.70000458
2039,42.74000168
2040,42.76000214
2041,42.78000259
2042,42.82000351
2043,42.86000443
2044,42.88000488
2045,42.9600029
2046,42.9600029
2047,42.9600029
2048,42.92000198
2049,43.00000381
2050,43.00000381
2051,42.98000336
2052,42.94000244
2053,42.92000198
2054,42.86000443
2055,42.90000153
2056,42.90000153
2057,42.94000244
2058,42.88000488
2059,43.00000381
2060,43.08000183
2061,43.10000229
2062,43.10000229
2063,43.12000275
2064,43.06000137
2065,43.06000137
2066,43.02000427
2067,43.02000427
2068,42.9600029
2069,42.98000336
2070,43.02000427
2071,43.04000473
2072,43.04000473
2073,43.06000137
2074,43.02000427
2075,43.02000427
2076,43.04000473
2077,43.00000381
2078,43.00000381
2079,43.10000229
2080,43.24000168
2081,43.32000351
2082,43.40000153
2083,43.56000137
2084,43.58000183
2085,43.56000137
2086,43.62000275
2087,43.58000183
2088,43.52000427
2089,43.38000488
2090,43.32000351
2091,43.34000397
2092,43.24000168
2093,43.22000122
2094,43.24000168
2095,43.24000168
2096,43.28000259
2097,43.26000214
2098,43.40000153
2099,43.44000244
2100,43.38000488
2101,43.42000198
2102,43.48000336
2103,43.50000381
2104,43.56000137
2105,43.6400032
2106,43.68000412
2107,43.60000229
2108,43.66000366
2109,43.70000458
2110,43.70000458
2111,43.70000458
2112,43.74000168
2113,43.62000275
2114,43.50000381
2115,43.50000381
2116,43.54000473
2117,43.52000427
2118,43.60000229
2119,43.58000183
2120,43.62000275
2121,43.68000412
2122,43.78000259
2123,43.86000443
2124,43.92000198
2125,44.00000381
2126,43.98000336
2127,43.9600029
2128,44.00000381
2129,44.08000183
2130,43.94000244
2131,44.00000381
2132,44.02000427
2133,43.88000488
2134,43.78000259
2135,43.74000168
2136,43.70000458
2137,43.68000412
2138,43.60000229
2139,43.78000259
2140,43.78000259
2141,43.74000168
2142,43.90000153
2143,43.94000244
2144,43.9600029
2145,43.90000153
2146,43.84000397
2147,43.74000168
2148,43.6400032
2149,43.70000458
2150,43.82000351
2151,43.74000168
2152,43.70000458
2153,43.66000366
2154,43.60000229
2155,43.6400032
2156,43.6400032
2157,43.54000473
2158,43.36000443
2159,43.24000168
2160,43.22000122
2161,43.20000458
2162,43.22000122
2163,43.24000168
2164,43.16000366
2165,43.22000122
2166,43.24000168
2167,43.30000305
2168,43.38000488
2169,43.40000153
2170,43.48000336
2171,43.48000336
2172,43.4600029
2173,43.4600029
2174,43.40000153
2175,43.40000153
2176,43.40000153
2177,43.32000351
2178,43.30000305
2179,43.24000168
2180,43.24000168
2181,43.22000122
2182,43.22000122
2183,43.24000168
2184,43.22000122
2185,43.24000168
2186,43.24000168
2187,43.26000214
2188,43.22000122
2189,43.26000214
2190,43.24000168
2191,43.20000458
2192,43.18000412
2193,43.20000458
2194,43.12000275
2195,43.08000183
2196,43.02000427
2197,43.00000381
2198,42.94000244
2199,42.88000488
2200,42.86000443
2201,42.86000443
2202,42.86000443
2203,42.86000443
2204,42.92000198
2205,42.92000198
2206,42.98000336
2207,42.98000336
2208,43.02000427
2209,43.04000473
2210,43.00000381
2211,43.04000473
2212,43.06000137
2213,43.02000427
2214,43.10000229
2215,43.06000137
2216,43.08000183
2217,43.10000229
2218,43.10000229
2219,43.10000229
2220,43.18000412
2221,43.16000366
2222,43.18000412
2223,43.18000412
2224,43.28000259
2225,43.30000305
2226,43.34000397
2227,43.32000351
2228,43.32000351
2229,43.20000458
2230,43.20000458
2231,43.20000458
2232,43.18000412
2233,43.08000183
2234,43.04000473
2235,43.00000381
2236,43.06000137
2237,43.04000473
2238,43.12000275
2239,43.1400032
2240,43.08000183
2241,43.04000473
2242,43.12000275
2243,43.12000275
2244,43.10000229
2245,43.04000473
2246,43.04000473
2247,42.98000336
2248,42.98000336
2249,42.98000336
2250,43.00000381
2251,42.98000336
2252,42.98000336
2253,43.00000381
2254,43.04000473
2255,43.06000137
2256,43.04000473
2257,43.04000473
2258,43.1400032
2259,43.1400032
2260,43.12000275
2261,43.16000366
2262,43.1400032
2263,43.18000412
2264,43.20000458
2265,43.22000122
2266,43.24000168
2267,43.16000366
2268,43.1400032
2269,43.16000366
2270,43.10000229
2271,43.08000183
2272,42.98000336
2273,42.9600029
2274,43.00000381
2275,42.98000336
2276,42.94000244
2277,42.9600029
2278,42.9600029
2279,42.9600029
2280,43.04000473
2281,43.10000229
2282,43.1400032
2283,43.20000458
2284,43.34000397
2285,43.36000443
2286,43.40000153
2287,43.38000488
2288,43.44000244
2289,43.40000153
2290,43.36000443
2291,43.34000397
2292,43.26000214
2293,43.18000412
2294,43.22000122
2295,43.26000214
2296,43.20000458
2297,43.16000366
2298,43.12000275
2299,43.18000412
2300,43.18000412
2301,43.24000168
2302,43.26000214
2303,43.22000122
2304,43.1400032
2305,43.18000412
2306,43.12000275
2307,43.08000183
2308,42.98000336
2309,42.90000153
2310,42.84000397
2311,42.88000488
2312,42.9600029
2313,43.04000473
2314,43.06000137
2315,43.18000412
2316,43.30000305
2317,43.36000443
2318,43.38000488
2319,43.42000198
2320,43.40000153
2321,43.30000305
2322,43.26000214
2323,43.24000168
2324,43.12000275
2325,43.16000366
2326,43.18000412
2327,43.20000458
2328,43.1400032
2329,43.10000229
2330,43.18000412
2331,43.22000122
2332,43.20000458
2333,43.24000168
2334,43.18000412
2335,43.18000412
2336,43.20000458
2337,43.20000458
2338,43.28000259
2339,43.24000168
2340,43.26000214
2341,43.34000397
2342,43.40000153
2343,43.40000153
2344,43.38000488
2345,43.4600029
2346,43.44000244
2347,43.34000397
2348,43.30000305
2349,43.26000214
2350,43.22000122
2351,43.30000305
2352,43.34000397
2353,43.38000488
2354,43.30000305
2355,43.34000397
2356,43.34000397
2357,43.30000305
2358,43.30000305
2359,43.28000259
2360,43.1400032
2361,43.12000275
2362,43.08000183
2363,43.12000275
2364,43.1400032
2365,43.20000458
2366,43.28000259
2367,43.26000214
2368,43.24000168
2369,43.26000214
2370,43.28000259
2371,43.28000259
2372,43.26000214
2373,43.20000458
2374,43.10000229
2375,43.00000381
2376,43.00000381
2377,43.00000381
2378,42.98000336
2379,42.9600029
2380,42.9600029
2381,43.00000381
2382,43.04000473
2383,43.1400032
2384,43.18000412
2385,43.16000366
2386,43.26000214
2387,43.28000259
2388,43.30000305
2389,43.28000259
2390,43.20000458
2391,43.22000122
2392,43.1400032
2393,43.10000229
2394,43.04000473
2395,42.92000198
2396,42.86000443
2397,42.78000259
2398,42.78000259
2399,42.78000259
2400,42.74000168
2401,42.78000259
2402,42.80000305
2403,42.86000443
2404,42.90000153
2405,42.9600029
2406,42.98000336
2407,42.98000336
2408,43.00000381
2409,42.9600029
2410,42.9600029
2411,42.9600029
2412,42.90000153
2413,42.90000153
2414,42.90000153
2415,42.92000198
2416,42.9600029
2417,42.9600029
2418,42.9600029
2419,42.92000198
2420,42.94000244
2421,42.94000244
2422,42.94000244
2423,42.98000336
2424,43.04000473
2425,43.02000427
2426,43.06000137
2427,43.06000137
2428,43.10000229
2429,43.04000473
2430,43.08000183
2431,43.08000183
2432,43.02000427
2433,43.00000381
2434,43.08000183
2435,43.10000229
2436,43.18000412
2437,43.16000366
2438,43.16000366
2439,43.10000229
2440,43.06000137
2441,43.12000275
2442,43.08000183
2443,43.00000381
2444,42.94000244
2445,42.86000443
2446,42.98000336
2447,43.00000381
2448,43.02000427
2449,43.00000381
2450,42.92000198
2451,42.94000244
2452,42.92000198
2453,42.90000153
2454,42.88000488
2455,42.76000214
2456,42.72000122
2457,42.72000122
2458,42.72000122
2459,42.74000168
2460,42.78000259
2461,42.80000305
2462,42.86000443
2463,42.9600029
2464,42.9600029
2465,42.98000336
2466,42.98000336
2467,43.00000381
2468,43.00000381
2469,43.02000427
2470,43.04000473
2471,43.00000381
2472,42.94000244
2473,42.9600029
2474,42.9600029
2475,43.00000381
2476,42.9600029
2477,42.92000198
2478,42.86000443
2479,42.84000397
2480,42.82000351
2481,42.84000397
2482,42.86000443
2483,42.86000443
2484,42.84000397
2485,42.88000488
2486,42.88000488
2487,42.92000198
2488,42.94000244
2489,43.00000381
2490,43.00000381
2491,42.92000198
2492,42.98000336
2493,42.9600029
2494,42.9600029
2495,42.94000244
2496,42.92000198
2497,42.92000198
2498,42.86000443
2499,42.86000443
2500,42.9600029
2501,42.94000244
2502,43.00000381
2503,43.02000427
2504,43.04000473
2505,43.04000473
2506,43.04000473
2507,43.06000137
2508,43.1400032
2509,43.08000183
2510,43.08000183
2511,43.02000427
2512,43.00000381
2513,43.06000137
2514,43.08000183
2515,43.12000275
2516,43.16000366
2517,43.16000366
2518,43.20000458
2519,43.24000168
2520,43.28000259
2521,43.26000214
2522,43.16000366
2523,43.12000275
2524,43.02000427
2525,42.9600029
2526,42.92000198
2527,42.98000336
2528,42.98000336
2529,42.9600029
2530,42.9600029
2531,43.00000381
2532,43.04000473
2533,43.10000229
2534,43.10000229
2535,43.10000229
2536,43.02000427
2537,43.06000137
2538,43.1400032
2539,43.20000458
2540,43.22000122
2541,43.26000214
2542,43.24000168
2543,43.24000168
2544,43.32000351
2545,43.42000198
2546,43.38000488
2547,43.44000244
2548,43.44000244
2549,43.4600029
2550,43.50000381
2551,43.60000229
2552,43.56000137
2553,43.58000183
2554,43.50000381
2555,43.4600029
2556,43.38000488
2557,43.36000443
2558,43.36000443
2559,43.40000153
2560,43.28000259
2561,43.34000397
2562,43.32000351
2563,43.38000488
2564,43.4600029
2565,43.50000381
2566,43.54000473
2567,43.6400032
2568,43.56000137
2569,43.58000183
2570,43.6400032
2571,43.66000366
2572,43.66000366
2573,43.6400032
2574,43.56000137
2575,43.56000137
2576,43.50000381
2577,43.60000229
2578,43.66000366
2579,43.54000473
2580,43.50000381
2581,43.48000336
2582,43.50000381
2583,43.54000473
2584,43.48000336
2585,43.50000381
2586,43.50000381
2587,43.56000137
2588,43.78000259
2589,43.84000397
2590,43.94000244
2591,43.92000198
2592,44.00000381
2593,44.16000366
2594,44.26000214
2595,44.24000168
2596,44.22000504
2597,44.16000366
2598,44.20000458
2599,44.24000168
2600,44.22000504
2601,44.20000458
2602,44.12000275
2603,44.02000427
2604,44.10000229
2605,44.08000183
2606,44.06000137
2607,43.9600029
2608,43.98000336
2609,44.00000381
2610,44.02000427
2611,44.02000427
2612,44.08000183
2613,44.16000366
2614,44.18000412
2615,44.24000168
2616,44.30000305
2617,44.22000504
2618,44.28000259
2619,44.28000259
2620,44.26000214
2621,44.24000168
2622,44.20000458
2623,44.16000366
2624,44.22000504
2625,44.30000305
2626,44.38000488
2627,44.38000488
2628,44.34000397
2629,44.40000153
2630,44.48000336
2631,44.54000473
2632,44.58000183
2633,44.42000198
2634,44.40000153
2635,44.30000305
2636,44.16000366
2637,44.26000214
2638,44.1400032
2639,43.92000198
2640,43.94000244
2641,44.04000473
2642,44.06000137
2643,44.02000427
2644,44.06000137
2645,44.16000366
2646,44.08000183
2647,44.30000305
2648,44.42000198
2649,44.44000244
2650,44.42000198
2651,44.52000427
2652,44.52000427
2653,44.58000183
2654,44.66000366
2655,44.68000412
2656,44.50000381
2657,44.58000183
2658,44.56000137
2659,44.72000504
2660,44.80000305
2661,44.94000244
2662,44.88000488
2663,44.80000305
2664,44.76000214
2665,44.84000397
2666,44.80000305
2667,44.92000198
2668,44.76000214
2669,44.6400032
2670,44.52000427
2671,44.52000427
2672,44.60000229
2673,44.54000473
2674,44.50000381
2675,44.42000198
2676,44.42000198
2677,44.50000381
2678,44.60000229
2679,44.70000458
2680,44.76000214
2681,44.66000366
2682,44.76000214
2683,44.6400032
2684,44.68000412
2685,44.48000336
2686,44.38000488
2687,44.36000443
2688,44.30000305
2689,44.40000153
2690,44.34000397
2691,44.26000214
2692,44.32000351
2693,44.26000214
2694,44.28000259
2695,44.26000214
2696,44.28000259
2697,44.22000504
2698,44.12000275
2699,44.20000458
2700,44.16000366
2701,44.06000137
2702,44.04000473
2703,44.00000381
2704,44.06000137
2705,43.98000336
2706,44.04000473
2707,44.02000427
2708,44.08000183
2709,44.26000214
2710,44.42000198
2711,44.56000137
2712,44.58000183
2713,44.48000336
2714,44.44000244
2715,44.4600029
2716,44.50000381
2717,44.52000427
2718,44.4600029
2719,44.40000153
2720,44.34000397
2721,44.38000488
2722,44.50000381
2723,44.50000381
2724,44.48000336
2725,44.66000366
2726,44.60000229
2727,44.58000183
2728,44.56000137
2729,44.54000473
2730,44.42000198
2731,44.30000305
2732,44.4600029
2733,44.4600029
2734,44.28000259
2735,44.30000305
2736,44.36000443
2737,44.38000488
2738,44.4600029
2739,44.4600029
2740,44.52000427
2741,44.36000443
2742,44.4600029
2743,44.54000473
2744,44.62000275
2745,44.66000366
2746,44.70000458
2747,44.54000473
2748,44.4600029
2749,44.28000259
2750,44.10000229
2751,43.94000244
2752,43.92000198
2753,43.88000488
2754,43.84000397
2755,43.84000397
2756,43.9600029
2757,44.10000229
2758,44.16000366
2759,44.16000366
2760,44.04000473
2761,44.04000473
2762,44.04000473
2763,44.02000427
2764,44.00000381
2765,43.98000336
2766,43.86000443
2767,43.80000305
2768,43.76000214
2769,43.76000214
2770,43.6400032
2771,43.72000122
2772,43.66000366
2773,43.68000412
2774,43.68000412
2775,43.76000214
2776,43.76000214
2777,43.76000214
2778,43.76000214
2779,43.80000305
2780,43.62000275
2781,43.66000366
2782,43.58000183
2783,43.54000473
2784,43.50000381
2785,43.58000183
2786,43.60000229
2787,43.60000229
2788,43.52000427
2789,43.58000183
2790,43.66000366
2791,43.78000259
2792,43.82000351
2793,43.88000488
2794,43.74000168
2795,43.70000458
2796,43.62000275
2797,43.56000137
2798,43.44000244
2799,43.42000198
2800,43.38000488
2801,43.44000244
2802,43.42000198
2803,43.52000427
2804,43.58000183
2805,43.68000412
2806,43.74000168
2807,43.74000168
2808,43.58000183
2809,43.58000183
2810,43.56000137
2811,43.54000473
2812,43.48000336
2813,43.40000153
2814,43.44000244
2815,43.4600029
2816,43.4600029
2817,43.42000198
2818,43.38000488
2819,43.36000443
2820,43.36000443
2821,43.34000397
2822,43.32000351
2823,43.28000259
2824,43.34000397
2825,43.4600029
2826,43.58000183
2827,43.60000229
2828,43.60000229
2829,43.70000458
2830,43.74000168
2831,43.76000214
2832,43.70000458
2833,43.68000412
2834,43.68000412
2835,43.68000412
2836,43.68000412
2837,43.74000168
2838,43.6400032
2839,43.76000214
2840,43.86000443
2841,43.86000443
2842,43.92000198
2843,43.90000153
2844,43.94000244
2845,43.94000244
2846,43.84000397
2847,43.82000351
2848,43.74000168
2849,43.6400032
2850,43.62000275
2851,43.62000275
2852,43.6400032
2853,43.60000229
2854,43.60000229
2855,43.6400032
2856,43.72000122
2857,43.6400032
2858,43.74000168
2859,43.72000122
2860,43.70000458
2861,43.6400032
2862,43.76000214
2863,43.80000305
2864,43.78000259
2865,43.82000351
2866,43.90000153
2867,43.78000259
2868,43.86000443
2869,43.88000488
2870,43.88000488
2871,43.78000259
2872,43.76000214
2873,43.74000168
2874,43.68000412
2875,43.62000275
2876,43.68000412
2877,43.68000412
2878,43.6400032
2879,43.66000366
2880,43.62000275
2881,43.82000351
2882,43.92000198
2883,43.94000244
2884,44.02000427
2885,44.08000183
2886,44.00000381
2887,44.00000381
2888,44.02000427
2889,44.02000427
2890,43.92000198
2891,43.88000488
2892,43.88000488
2893,43.86000443
2894,43.80000305
2895,43.84000397
2896,43.94000244
2897,43.9600029
2898,44.00000381
2899,43.92000198
2900,44.10000229
2901,44.22000504
2902,44.34000397
2903,44.4600029
2904,44.4600029
2905,44.36000443
2906,44.30000305
2907,44.26000214
2908,44.32000351
2909,44.12000275
2910,44.10000229
2911,44.06000137
2912,44.02000427
2913,44.10000229
2914,44.28000259
2915,44.32000351
2916,44.28000259
2917,44.28000259
2918,44.32000351
2919,44.22000504
2920,44.24000168
2921,44.32000351
2922,44.30000305
2923,44.20000458
2924,44.36000443
2925,44.48000336
2926,44.54000473
2927,44.54000473
2928,44.68000412
2929,44.66000366
2930,44.74000168
2931,44.78000259
2932,44.84000397
2933,44.82000351
2934,45.08000183
2935,45.22000504
2936,45.42000198
2937,45.60000229
2938,45.70000458
2939,45.76000214
2940,45.82000351
2941,46.16000366
2942,46.22000504
2943,46.10000229
2944,45.98000336
2945,45.84000397
2946,45.72000504
2947,45.62000275
2948,45.74000168
2949,45.70000458
2950,45.40000153
2951,45.40000153
2952,45.40000153
2953,45.38000488
2954,45.44000244
2955,45.26000214
2956,45.26000214
2957,44.9600029
2958,44.94000244
2959,44.84000397
2960,44.80000305
2961,44.68000412
2962,44.76000214
2963,44.58000183
2964,44.72000504
2965,44.82000351
2966,44.80000305
2967,44.94000244
2968,44.92000198
2969,44.90000153
2970,45.06000137
2971,44.98000336
2972,45.06000137
2973,44.92000198
2974,44.78000259
2975,44.90000153
2976,44.76000214
2977,44.80000305
2978,44.70000458
2979,44.48000336
2980,44.44000244
2981,44.40000153
2982,44.42000198
2983,44.42000198
2984,44.26000214
2985,44.30000305
2986,44.24000168
2987,44.24000168
2988,44.52000427
2989,44.54000473
2990,44.44000244
2991,44.42000198
2992,44.34000397
2993,44.38000488
2994,44.26000214
2995,44.30000305
2996,44.20000458
2997,43.90000153
2998,43.98000336
2999,44.16000366
3000,44.22000504
3001,44.30000305
3002,44.28000259
3003,44.34000397
3004,44.30000305
3005,44.30000305
3006,44.24000168
3007,44.06000137
3008,44.06000137
3009,43.98000336
3010,44.04000473
3011,44.20000458
3012,44.36000443
3013,44.34000397
3014,44.48000336
3015,44.50000381
3016,44.52000427
3017,44.42000198
3018,44.36000443
3019,44.34000397
3020,44.20000458
3021,44.10000229
3022,44.18000412
3023,44.12000275
3024,44.06000137
3025,44.04000473
3026,44.04000473
3027,44.12000275
3028,43.98000336
3029,44.00000381
3030,43.88000488
3031,43.84000397
3032,43.84000397
3033,44.00000381
3034,44.04000473
3035,44.16000366
3036,44.28000259
3037,44.36000443
3038,44.36000443
3039,44.48000336
3040,44.44000244
3041,44.42000198
3042,44.26000214
3043,44.26000214
3044,44.20000458
3045,44.1400032
3046,44.08000183
3047,44.12000275
3048,44.08000183
3049,44.08000183
3050,43.98000336
3051,44.02000427
3052,43.88000488
3053,43.86000443
3054,43.90000153
3055,43.92000198
3056,43.92000198
3057,43.90000153
3058,43.86000443
3059,43.84000397
3060,43.70000458
3061,43.80000305
3062,43.78000259
3063,43.78000259
3064,43.86000443
3065,43.88000488
3066,43.94000244
3067,43.98000336
3068,44.02000427
3069,44.12000275
3070,44.10000229
3071,44.12000275
3072,44.10000229
3073,44.08000183
3074,44.00000381
3075,43.86000443
3076,43.82000351
3077,43.76000214
3078,43.6400032
3079,43.66000366
3080,43.74000168
3081,43.80000305
3082,43.86000443
3083,43.9600029
3084,43.9600029
3085,43.94000244
3086,43.92000198
3087,44.02000427
3088,43.9600029
3089,43.88000488
3090,43.82000351
3091,43.80000305
3092,43.74000168
3093,43.76000214
3094,43.66000366
3095,43.62000275
3096,43.38000488
3097,43.36000443
3098,43.32000351
3099,43.40000153
3100,43.32000351
3101,43.26000214
3102,43.24000168
3103,43.24000168
3104,43.20000458
3105,43.22000122
3106,43.10000229
3107,43.1400032
3108,43.16000366
3109,43.24000168
3110,43.28000259
3111,43.30000305
3112,43.36000443
3113,43.36000443
3114,43.42000198
3115,43.44000244
3116,43.42000198
3117,43.34000397
3118,43.32000351
3119,43.38000488
3120,43.42000198
3121,43.48000336
3122,43.50000381
3123,43.48000336
3124,43.58000183
3125,43.6400032
3126,43.72000122
3127,43.76000214
3128,43.78000259
3129,43.70000458
3130,43.6400032
3131,43.6400032
3132,43.6400032
3133,43.62000275
3134,43.78000259
3135,43.76000214
3136,43.80000305
3137,43.84000397
3138,43.88000488
3139,43.92000198
3140,43.9600029
3141,43.92000198
3142,43.88000488
3143,43.66000366
3144,43.70000458
3145,43.6400032
3146,43.58000183
3147,43.68000412
3148,43.78000259
3149,43.78000259
3150,43.80000305
3151,43.78000259
3152,43.76000214
3153,43.68000412
3154,43.58000183
3155,43.58000183
3156,43.44000244
3157,43.28000259
3158,43.30000305
3159,43.40000153
3160,43.52000427
3161,43.70000458
3162,43.84000397
3163,44.00000381
3164,44.02000427
3165,44.00000381
3166,44.12000275
3167,44.10000229
3168,44.04000473
3169,44.02000427
3170,43.9600029
3171,43.9600029
3172,43.9600029
3173,43.94000244
3174,43.98000336
3175,43.90000153
3176,43.94000244
3177,43.9600029
3178,43.88000488
3179,43.88000488
3180,43.84000397
3181,43.90000153
3182,43.90000153
3183,43.86000443
3184,43.86000443
3185,43.78000259
3186,43.66000366
3187,43.62000275
3188,43.66000366
3189,43.74000168
3190,43.80000305
3191,43.94000244
3192,43.9600029
3193,43.94000244
3194,44.06000137
3195,44.30000305
3196,44.28000259
3197,44.24000168
3198,44.1400032
3199,43.94000244
3200,43.78000259
3201,43.78000259
3202,43.76000214
3203,43.6400032
3204,43.52000427
3205,43.60000229
3206,43.54000473
3207,43.58000183
3208,43.58000183
3209,43.56000137
3210,43.48000336
3211,43.34000397
3212,43.28000259
3213,43.22000122
3214,43.16000366
3215,43.18000412
3216,43.18000412
3217,43.22000122
3218,43.28000259
3219,43.26000214
3220,43.28000259
3221,43.32000351
3222,43.30000305
3223,43.28000259
3224,43.28000259
3225,43.30000305
3226,43.26000214
3227,43.22000122
3228,43.26000214
3229,43.32000351
3230,43.26000214
3231,43.22000122
3232,43.30000305
3233,43.28000259
3234,43.26000214
3235,43.30000305
3236,43.34000397
3237,43.34000397
3238,43.30000305
3239,43.40000153
3240,43.54000473
3241,43.58000183
3242,43.54000473
3243,43.54000473
3244,43.48000336
3245,43.38000488
3246,43.30000305
3247,43.22000122
3248,43.04000473
3249,42.94000244
3250,42.90000153
3251,42.90000153
3252,42.86000443
3253,42.86000443
3254,42.88000488
3255,42.88000488
3256,43.02000427
3257,43.18000412
3258,43.1400032
3259,43.16000366
3260,43.36000443
3261,43.40000153
3262,43.4600029
3263,43.44000244
3264,43.40000153
3265,43.28000259
3266,43.18000412
3267,43.18000412
3268,43.18000412
3269,43.02000427
3270,43.06000137
3271,43.02000427
3272,43.04000473
3273,43.12000275
3274,43.10000229
3275,43.10000229
3276,43.08000183
3277,43.1400032
3278,43.24000168
3279,43.30000305
3280,43.40000153
3281,43.4600029
3282,43.44000244
3283,43.58000183
3284,43.62000275
3285,43.60000229
3286,43.54000473
3287,43.48000336
3288,43.4600029
3289,43.38000488
3290,43.42000198
3291,43.42000198
3292,43.30000305
3293,43.28000259
3294,43.30000305
3295,43.26000214
3296,43.26000214
3297,43.22000122
3298,43.26000214
3299,43.16000366
3300,43.12000275
3301,43.12000275
3302,43.10000229
3303,43.12000275
3304,43.10000229
3305,43.08000183
3306,43.12000275
3307,43.08000183
3308,43.1400032
3309,43.18000412
3310,43.22000122
3311,43.20000458
3312,43.16000366
3313,43.12000275
3314,43.08000183
3315,43.00000381
3316,43.00000381
3317,42.98000336
3318,42.94000244
3319,42.9600029
3320,42.9600029
3321,42.98000336
3322,43.02000427
3323,43.00000381
3324,43.02000427
3325,43.02000427
3326,42.98000336
3327,42.98000336
3328,42.90000153
3329,42.90000153
3330,42.84000397
3331,42.82000351
3332,42.78000259
3333,42.82000351
3334,42.78000259
3335,42.80000305
3336,42.78000259
3337,42.80000305
3338,42.82000351
3339,42.80000305
3340,42.82000351
3341,42.82000351
3342,42.78000259
3343,42.76000214
3344,42.74000168
3345,42.80000305
3346,42.80000305
3347,42.82000351
3348,42.82000351
3349,42.80000305
3350,42.82000351
3351,42.80000305
3352,42.84000397
3353,42.86000443
3354,42.84000397
3355,42.80000305
3356,42.78000259
3357,42.76000214
3358,42.72000122
3359,42.72000122
3360,42.68000412
3361,42.66000366
3362,42.62000275
3363,42.66000366
3364,42.68000412
3365,42.74000168
3366,42.80000305
3367,42.82000351
3368,42.80000305
3369,42.82000351
3370,42.78000259
3371,42.78000259
3372,42.74000168
3373,42.72000122
3374,42.66000366
3375,42.62000275
3376,42.6400032
3377,42.66000366
3378,42.68000412
3379,42.70000458
3380,42.68000412
3381,42.74000168
3382,42.76000214
3383,42.76000214
3384,42.76000214
3385,42.74000168
3386,42.76000214
3387,42.74000168
3388,42.72000122
3389,42.70000458
3390,42.6400032
3391,42.60000229
3392,42.62000275
3393,42.66000366
3394,42.66000366
3395,42.6400032
3396,42.6400032
3397,42.6400032
3398,42.68000412
3399,42.68000412
3400,42.74000168
3401,42.72000122
3402,42.74000168
3403,42.78000259
3404,42.78000259
3405,42.78000259
3406,42.78000259
3407,42.74000168
3408,42.74000168
3409,42.68000412
3410,42.68000412
3411,42.6400032
3412,42.6400032
3413,42.70000458
3414,42.72000122
3415,42.78000259
3416,42.82000351
3417,42.82000351
3418,42.82000351
3419,42.78000259
3420,42.76000214
3421,42.76000214
3422,42.70000458
3423,42.68000412
3424,42.6400032
3425,42.66000366
3426,42.66000366
3427,42.68000412
3428,42.70000458
3429,42.70000458
3430,42.66000366
3431,42.66000366
3432,42.6400032
3433,42.6400032
3434,42.6400032
3435,42.6400032
3436,42.70000458
3437,42.72000122
3438,42.78000259
3439,42.82000351
3440,42.92000198
3441,42.94000244
3442,42.92000198
3443,42.92000198
3444,42.98000336
3445,42.92000198
3446,42.90000153
3447,42.82000351
3448,42.80000305
3449,42.76000214
3450,42.76000214
3451,42.82000351
3452,42.84000397
3453,42.78000259
3454,42.80000305
3455,42.80000305
3456,42.78000259
3457,42.76000214
3458,42.72000122
3459,42.68000412
3460,42.62000275
3461,42.60000229
3462,42.60000229
3463,42.60000229
3464,42.58000183
3465,42.58000183
3466,42.56000137
3467,42.56000137
3468,42.56000137
3469,42.56000137
3470,42.56000137
3471,42.58000183
3472,42.58000183
3473,42.66000366
3474,42.68000412
3475,42.68000412
3476,42.68000412
3477,42.68000412
3478,42.68000412
3479,42.68000412
3480,42.68000412
3481,42.66000366
3482,42.66000366
3483,42.68000412
3484,42.68000412
3485,42.74000168
3486,42.74000168
3487,42.74000168
3488,42.76000214
3489,42.72000122
3490,42.70000458
3491,42.68000412
3492,42.66000366
3493,42.66000366
3494,42.62000275
3495,42.6400032
3496,42.66000366
3497,42.72000122
3498,42.74000168
3499,42.76000214
3500,42.76000214
3501,42.76000214
3502,42.76000214
3503,42.76000214
3504,42.72000122
3505,42.74000168
3506,42.80000305
3507,42.84000397
3508,42.84000397
3509,42.86000443
3510,42.86000443
3511,42.84000397
3512,42.88000488
3513,42.86000443
3514,42.78000259
3515,42.70000458
3516,42.76000214
3517,42.78000259
3518,42.80000305
3519,42.80000305
3520,42.78000259
3521,42.72000122
3522,42.74000168
3523,42.76000214
3524,42.78000259
3525,42.82000351
3526,42.82000351
3527,42.94000244
3528,42.9600029
3529,43.02000427
3530,43.04000473
3531,43.02000427
3532,43.02000427
3533,42.98000336
3534,42.92000198
3535,43.00000381
3536,42.94000244
3537,42.94000244
3538,42.9600029
3539,42.94000244
3540,42.94000244
3541,42.90000153
3542,42.90000153
3543,42.88000488
3544,42.80000305
3545,42.76000214
3546,42.80000305
3547,42.76000214
3548,42.80000305
3549,42.82000351
3550,42.82000351
3551,42.82000351
3552,42.84000397
3553,42.88000488
3554,42.92000198
3555,42.88000488
3556,42.86000443
3557,42.82000351
3558,42.76000214
3559,42.74000168
3560,42.70000458
3561,42.6400032
3562,42.58000183
3563,42.56000137
3564,42.68000412
3565,42.70000458
3566,42.80000305
3567,42.90000153
3568,42.98000336
3569,43.00000381
3570,43.08000183
3571,43.12000275
3572,43.10000229
3573,43.04000473
3574,43.10000229
3575,43.10000229
3576,43.08000183
3577,43.08000183
3578,43.08000183
3579,43.02000427
3580,42.98000336
3581,43.00000381
3582,42.9600029
3583,42.90000153
3584,42.82000351
3585,42.90000153
3586,42.92000198
3587,42.92000198
3588,42.9600029
3589,42.9600029
3590,42.9600029
3591,42.94000244
3592,42.98000336
3593,43.06000137
3594,43.00000381
3595,43.00000381
3596,43.00000381
3597,42.9600029
3598,43.00000381
3599,43.02000427
3600,43.00000381
3601,42.98000336
3602,42.94000244
3603,42.94000244
3604,42.98000336
3605,43.02000427
3606,43.00000381
3607,43.00000381
3608,42.92000198
3609,42.94000244
3610,42.92000198
3611,42.90000153
3612,42.88000488
3613,42.84000397
3614,42.78000259
3615,42.82000351
3616,42.80000305
3617,42.84000397
3618,42.94000244
3619,42.98000336
3620,43.02000427
3621,43.04000473
3622,43.02000427
3623,43.12000275
3624,43.12000275
3625,43.1400032
3626,43.08000183
3627,43.02000427
3628,43.08000183
3629,43.06000137
3630,43.08000183
3631,43.1400032
3632,43.08000183
3633,43.04000473
3634,43.06000137
3635,43.08000183
3636,43.12000275
3637,43.22000122
3638,43.28000259
3639,43.34000397
3640,43.30000305
3641,43.30000305
3642,43.32000351
3643,43.28000259
3644,43.20000458
3645,43.16000366
3646,42.9600029
3647,42.9600029
3648,42.88000488
3649,42.94000244
3650,42.94000244
3651,42.94000244
3652,43.02000427
3653,43.04000473
3654,43.02000427
3655,43.00000381
3656,42.98000336
3657,43.00000381
3658,42.98000336
3659,42.98000336
3660,42.9600029
3661,42.92000198
3662,42.94000244
3663,43.00000381
3664,43.04000473
3665,43.06000137
3666,43.00000381
3667,43.08000183
3668,43.10000229
3669,43.12000275
3670,43.16000366
3671,43.16000366
3672,43.16000366
3673,43.24000168
3674,43.28000259
3675,43.28000259
3676,43.26000214
3677,43.24000168
3678,43.24000168
3679,43.20000458
3680,43.18000412
3681,43.12000275
3682,43.02000427
3683,42.98000336
3684,43.06000137
3685,43.04000473
3686,43.06000137
3687,43.04000473
3688,43.06000137
3689,43.10000229
3690,43.08000183
3691,43.04000473
3692,43.02000427
3693,43.00000381
3694,42.9600029
3695,42.98000336
3696,43.04000473
3697,43.02000427
3698,43.02000427
3699,43.12000275
3700,43.22000122
3701,43.20000458
3702,43.18000412
3703,43.18000412
3704,43.22000122
3705,43.18000412
3706,43.20000458
3707,43.18000412
3708,43.12000275
3709,43.02000427
3710,43.00000381
3711,42.94000244
3712,42.94000244
3713,42.90000153
3714,42.90000153
3715,42.86000443
3716,42.92000198
3717,42.90000153
3718,43.00000381
3719,43.04000473
3720,43.04000473
3721,43.02000427
3722,42.98000336
3723,43.00000381
3724,42.98000336
3725,43.00000381
3726,43.00000381
3727,42.94000244
3728,43.02000427
3729,43.04000473
3730,43.10000229
3731,43.10000229
3732,43.12000275
3733,43.12000275
3734,43.04000473
3735,43.04000473
3736,43.02000427
3737,42.9600029
3738,42.9600029
3739,42.94000244
3740,42.9600029
3741,43.02000427
3742,43.04000473
3743,43.04000473
3744,43.08000183
3745,43.16000366
3746,43.18000412
3747,43.16000366
3748,43.1400032
3749,43.12000275
3750,43.04000473
3751,43.04000473
3752,43.06000137
3753,43.00000381
3754,42.94000244
3755,42.90000153
3756,42.92000198
3757,42.9600029
3758,43.02000427
3759,43.00000381
3760,43.04000473
3761,43.00000381
3762,43.08000183
3763,43.08000183
3764,43.08000183
3765,43.12000275
3766,43.12000275
3767,43.24000168
3768,43.30000305
3769,43.32000351
3770,43.34000397
3771,43.26000214
3772,43.28000259
3773,43.26000214
3774,43.20000458
3775,43.20000458
3776,43.02000427
3777,43.02000427
3778,43.08000183
3779,43.12000275
3780,43.20000458
3781,43.24000168
3782,43.32000351
3783,43.38000488
3784,43.34000397
3785,43.42000198
3786,43.42000198
3787,43.34000397
3788,43.28000259
3789,43.26000214
3790,43.20000458
3791,43.1400032
3792,43.12000275
3793,43.1400032
3794,43.04000473
3795,43.02000427
3796,43.00000381
3797,42.98000336
3798,43.02000427
3799,42.98000336
3800,43.00000381
3801,42.98000336
3802,43.02000427
3803,43.10000229
3804,43.1400032
3805,43.18000412
3806,43.22000122
3807,43.10000229
3808,43.16000366
3809,43.16000366
3810,43.20000458
3811,43.20000458
3812,43.22000122
3813,43.28000259
3814,43.36000443
3815,43.36000443
3816,43.40000153
3817,43.40000153
3818,43.36000443
3819,43.30000305
3820,43.22000122
3821,43.16000366
3822,43.10000229
3823,43.06000137
3824,43.06000137
3825,43.04000473
3826,43.06000137
3827,43.1400032
3828,43.18000412
3829,43.16000366
3830,43.12000275
3831,43.16000366
3832,43.18000412
3833,43.18000412
3834,43.22000122
3835,43.16000366
3836,43.1400032
3837,43.12000275
3838,43.12000275
3839,43.12000275
3840,43.08000183
3841,43.06000137
3842,43.04000473
3843,42.9600029
3844,42.9600029
3845,42.94000244
3846,43.00000381
3847,43.02000427
3848,43.02000427
3849,43.00000381
3850,42.98000336
3851,43.02000427
3852,43.10000229
3853,43.16000366
3854,43.20000458
3855,43.22000122
3856,43.26000214
3857,43.30000305
3858,43.32000351
3859,43.28000259
3860,43.26000214
3861,43.16000366
3862,43.12000275
3863,43.06000137
3864,43.00000381
3865,43.00000381
3866,43.02000427
3867,43.08000183
3868,43.10000229
3869,43.12000275
3870,43.24000168
3871,43.30000305
3872,43.30000305
3873,43.30000305
3874,43.34000397
3875,43.30000305
3876,43.28000259
3877,43.32000351
3878,43.32000351
3879,43.24000168
3880,43.22000122
3881,43.30000305
3882,43.30000305
3883,43.24000168
3884,43.26000214
3885,43.20000458
3886,43.16000366
3887,43.18000412
3888,43.28000259
3889,43.34000397
3890,43.34000397
3891,43.38000488
3892,43.38000488
3893,43.38000488
3894,43.38000488
3895,43.34000397
3896,43.24000168
3897,43.10000229
3898,43.08000183
3899,43.04000473
3900,43.02000427
3901,43.02000427
3902,43.00000381
3903,42.98000336
3904,42.98000336
3905,43.1400032
3906,43.16000366
3907,43.1400032
3908,43.24000168
3909,43.22000122
3910,43.20000458
3911,43.26000214
3912,43.26000214
3913,43.20000458
3914,43.16000366
3915,43.22000122
3916,43.20000458
3917,43.10000229
3918,43.12000275
3919,43.10000229
3920,43.00000381
3921,42.98000336
3922,43.00000381
3923,43.00000381
3924,42.98000336
3925,43.00000381
3926,43.08000183
3927,43.10000229
3928,43.12000275
3929,43.1400032
3930,43.1400032
3931,43.12000275
3932,43.10000229
3933,43.24000168
3934,43.26000214
3935,43.20000458
3936,43.30000305
3937,43.30000305
3938,43.36000443
3939,43.32000351
3940,43.42000198
3941,43.40000153
3942,43.28000259
3943,43.26000214
3944,43.26000214
3945,43.18000412
3946,43.18000412
3947,43.1400032
3948,43.16000366
3949,43.06000137
3950,43.04000473
3951,43.06000137
3952,43.08000183
3953,43.04000473
3954,43.06000137
3955,43.02000427
3956,42.98000336
3957,42.94000244
3958,42.92000198
3959,42.90000153
3960,42.90000153
3961,42.88000488
3962,42.86000443
3963,42.80000305
3964,42.84000397
3965,42.86000443
3966,42.90000153
3967,42.90000153
3968,42.9600029
3969,42.94000244
3970,42.94000244
3971,43.00000381
3972,43.06000137
3973,43.1400032
3974,43.16000366
3975,43.34000397
3976,43.44000244
3977,43.42000198
3978,43.48000336
3979,43.44000244
3980,43.40000153
3981,43.30000305
3982,43.20000458
3983,43.12000275
3984,43.02000427
3985,42.94000244
3986,43.06000137
3987,43.10000229
3988,43.12000275
3989,43.12000275
3990,43.12000275
3991,43.10000229
3992,43.20000458
3993,43.16000366
3994,43.20000458
3995,43.12000275
3996,43.28000259
3997,43.36000443
3998,43.36000443
3999,43.38000488
4000,43.42000198
4001,43.28000259
4002,43.24000168
4003,43.24000168
4004,43.18000412
4005,42.98000336
4006,42.94000244
4007,42.94000244
4008,42.92000198
4009,42.9600029
4010,42.9600029
4011,42.98000336
4012,42.94000244
4013,43.00000381
4014,43.08000183
4015,43.12000275
4016,43.10000229
4017,43.10000229
4018,43.04000473
4019,43.04000473
4020,43.02000427
4021,43.00000381
4022,42.9600029
4023,42.9600029
4024,43.02000427
4025,43.10000229
4026,43.08000183
4027,43.08000183
4028,43.1400032
4029,43.1400032
4030,43.18000412
4031,43.18000412
4032,43.10000229
4033,43.02000427
4034,43.00000381
4035,42.98000336
4036,42.98000336
4037,42.9600029
4038,42.9600029
4039,42.92000198
4040,42.94000244
4041,43.02000427
4042,43.06000137
4043,43.08000183
4044,43.12000275
4045,43.16000366
4046,43.12000275
4047,43.08000183
4048,43.04000473
4049,43.00000381
4050,42.90000153
4051,42.86000443
4052,42.86000443
4053,42.86000443
4054,42.84000397
4055,42.94000244
4056,43.02000427
4057,43.04000473
4058,43.06000137
4059,43.08000183
4060,43.08000183
4061,43.04000473
4062,43.00000381
4063,42.9600029
4064,42.90000153
4065,42.84000397
4066,42.82000351
4067,42.80000305
4068,42.82000351
4069,42.80000305
4070,42.86000443
4071,42.86000443
4072,42.98000336
4073,43.00000381
4074,43.04000473
4075,43.12000275
4076,43.10000229
4077,43.06000137
4078,43.02000427
4079,43.00000381
4080,43.00000381
4081,42.92000198
4082,42.90000153
4083,42.90000153
4084,42.86000443
4085,42.9600029
4086,43.02000427
4087,43.10000229
4088,43.10000229
4089,43.10000229
4090,43.08000183
4091,43.06000137
4092,43.00000381
4093,42.9600029
4094,42.84000397
4095,42.82000351
4096,42.80000305
4097,42.80000305
4098,42.86000443
4099,42.86000443
4100,42.88000488
4101,42.92000198
4102,42.94000244
4103,43.04000473
4104,43.02000427
4105,43.00000381
4106,43.08000183
4107,43.06000137
4108,43.08000183
4109,43.16000366
4110,43.10000229
4111,43.06000137
4112,43.02000427
4113,43.02000427
4114,43.00000381
4115,42.92000198
4116,42.92000198
4117,43.04000473
4118,43.00000381
4119,43.06000137
4120,43.08000183
4121,43.06000137
4122,43.22000122
4123,43.24000168
4124,43.26000214
4125,43.22000122
4126,43.10000229
4127,43.12000275
4128,43.08000183
4129,43.04000473
4130,43.02000427
4131,42.9600029
4132,42.98000336
4133,42.9600029
4134,42.94000244
4135,42.92000198
4136,42.86000443
4137,42.88000488
4138,42.88000488
4139,42.84000397
4140,42.72000122
4141,42.70000458
4142,42.74000168
4143,42.74000168
4144,42.70000458
4145,42.72000122
4146,42.72000122
4147,42.72000122
4148,42.74000168
4149,42.78000259
4150,42.78000259
4151,42.76000214
4152,42.88000488
4153,42.92000198
4154,42.92000198
4155,43.10000229
4156,43.12000275
4157,43.18000412
4158,43.18000412
4159,43.20000458
4160,43.24000168
4161,43.1400032
4162,43.16000366
4163,43.22000122
4164,43.1400032
4165,43.18000412
4166,43.24000168
4167,43.28000259
4168,43.30000305
4169,43.24000168
4170,43.22000122
4171,43.1400032
4172,43.12000275
4173,43.16000366
4174,43.26000214
4175,43.28000259
4176,43.30000305
4177,43.32000351
4178,43.38000488
4179,43.38000488
4180,43.42000198
4181,43.42000198
4182,43.26000214
4183,43.1400032
4184,43.10000229
4185,43.08000183
4186,43.00000381
4187,42.92000198
4188,42.9600029
4189,42.88000488
4190,42.82000351
4191,42.88000488
4192,42.9600029
4193,43.00000381
4194,43.04000473
4195,43.02000427
4196,42.98000336
4197,42.90000153
4198,42.88000488
4199,42.90000153
4200,42.86000443
4201,42.80000305
4202,42.84000397
4203,42.88000488
4204,43.00000381
4205,43.02000427
4206,43.02000427
4207,43.04000473
4208,43.04000473
4209,43.00000381
4210,42.98000336
4211,42.92000198
4212,42.88000488
4213,42.80000305
4214,42.82000351
4215,42.82000351
4216,42.80000305
4217,42.82000351
4218,42.86000443
4219,42.90000153
4220,43.00000381
4221,43.08000183
4222,43.16000366
4223,43.16000366
4224,43.1400032
4225,43.12000275
4226,43.04000473
4227,43.00000381
4228,43.00000381
4229,42.92000198
4230,42.90000153
4231,42.90000153
4232,42.9600029
4233,43.00000381
4234,43.02000427
4235,43.04000473
4236,43.02000427
4237,43.00000381
4238,42.98000336
4239,42.94000244
4240,42.88000488
4241,42.86000443
4242,42.82000351
4243,42.78000259
4244,42.78000259
4245,42.94000244
4246,42.9600029
4247,43.10000229
4248,43.12000275
4249,43.22000122
4250,43.24000168
4251,43.24000168
4252,43.32000351
4253,43.28000259
4254,43.20000458
4255,43.18000412
4256,43.16000366
4257,43.16000366
4258,43.10000229
4259,43.10000229
4260,43.08000183
4261,43.00000381
4262,43.02000427
4263,42.9600029
4264,43.02000427
4265,42.9600029
4266,43.02000427
4267,43.10000229
4268,43.18000412
4269,43.20000458
4270,43.22000122
4271,43.20000458
4272,43.22000122
4273,43.22000122
4274,43.24000168
4275,43.18000412
4276,43.22000122
4277,43.20000458
4278,43.16000366
4279,43.18000412
4280,43.18000412
4281,43.12000275
4282,43.10000229
4283,43.12000275
4284,43.10000229
4285,43.06000137
4286,43.08000183
4287,43.10000229
4288,43.02000427
4289,42.98000336
4290,43.06000137
4291,43.18000412
4292,43.16000366
4293,43.22000122
4294,43.20000458
4295,43.22000122
4296,43.32000351
4297,43.32000351
4298,43.36000443
4299,43.20000458
4300,43.1400032
4301,43.16000366
4302,43.1400032
4303,43.16000366
4304,43.1400032
4305,43.06000137
4306,43.06000137
4307,42.98000336
4308,43.02000427
4309,42.90000153
4310,42.90000153
4311,42.92000198
4312,42.88000488
4313,42.86000443
4314,42.94000244
4315,42.9600029
4316,42.98000336
4317,42.9600029
4318,43.02000427
4319,43.04000473
4320,43.04000473
4321,43.04000473
4322,43.02000427
4323,42.92000198
4324,42.88000488
4325,42.88000488
4326,42.82000351
4327,42.76000214
4328,42.74000168
4329,42.74000168
4330,42.78000259
4331,42.78000259
4332,42.82000351
4333,42.92000198
4334,42.92000198
4335,42.98000336
4336,42.98000336
4337,43.04000473
4338,43.04000473
4339,43.00000381
4340,43.02000427
4341,43.04000473
4342,42.98000336
4343,42.94000244
4344,42.94000244
4345,43.00000381
4346,43.06000137
4347,43.10000229
4348,43.18000412
4349,43.26000214
4350,43.34000397
4351,43.38000488
4352,43.38000488
4353,43.38000488
4354,43.36000443
4355,43.26000214
4356,43.24000168
4357,43.20000458
4358,43.12000275
4359,43.06000137
4360,43.10000229
4361,43.12000275
4362,43.06000137
4363,43.04000473
4364,43.10000229
4365,42.98000336
4366,42.70000458
4367,43.1400032
4368,43.9600029
